Customer_ID,Blue's Rating,Rating Given,Company Chosen,Starting Location,Ending Location,Started Time,Ending Time,Unavailable Scooter,Breakdown,Breakdown Time
5,0.5,1,1,Queens,Stony,6,49,FALSE,TRUE,11
6,0.5,3,1,Manhattan,Jones,8,64,FALSE,TRUE,26
9,0.4995005,3,1,Manhattan,Jones,13,59,FALSE,TRUE,30
17,0.4995005,2,1,Jones,Manhattan,19,90,FALSE,TRUE,40
3,0.5,3,0,Manhattan,Queens,5,119,FALSE,TRUE,47
14,0.4995005,7,1,Jones,Manhattan,18,68,FALSE,TRUE,55
15,0.4995005,5,1,Manhattan,Queens,19,81,FALSE,TRUE,55
20,0.4995005,9,1,Stony,Queens,23,57,FALSE,FALSE,0
30,0.49652433,3,1,Queens,Manhattan,36,104,FALSE,TRUE,60
16,0.4995005,8,0,Queens,Stony,19,63,FALSE,FALSE,0
12,0.4995005,4,0,Queens,Manhattan,16,118,FALSE,TRUE,64
2,0.5,9,0,Queens,Manhattan,2,66,FALSE,FALSE,0
19,0.4995005,6,1,Jones,Stony,23,91,FALSE,TRUE,67
37,0.495540139,3,0,Jones,Manhattan,42,118,FALSE,TRUE,70
23,0.498007968,8,0,Stony,Queens,29,73,FALSE,FALSE,0
10,0.4995005,8,0,Jones,Manhattan,13,75,FALSE,FALSE,0
41,0.495540139,8,1,Stony,Queens,45,84,FALSE,TRUE,77
8,0.4995005,9,0,Manhattan,Jones,12,78,FALSE,FALSE,0
29,0.49652433,8,1,Manhattan,Jones,36,82,FALSE,FALSE,0
39,0.495540139,6,0,Queens,Manhattan,43,108,FALSE,TRUE,82
28,0.49652433,9,0,Queens,Stony,32,84,FALSE,FALSE,0
18,0.4995005,9,0,Queens,Manhattan,23,85,FALSE,FALSE,0
1,0.5,8,0,Stony,Jones,1,92,FALSE,FALSE,0
22,0.498007968,9,1,Jones,Manhattan,27,92,FALSE,FALSE,0
27,0.49652433,8,1,Stony,Jones,31,92,FALSE,FALSE,0
48,0.497035573,8,0,Stony,Queens,51,93,FALSE,FALSE,0
49,0.497035573,9,0,Queens,Stony,52,93,FALSE,FALSE,0
31,0.49652433,9,0,Stony,Jones,36,94,FALSE,FALSE,0
33,0.49652433,8,0,Manhattan,Jones,39,96,FALSE,FALSE,0
25,0.49652433,6,0,Queens,Manhattan,30,129,FALSE,TRUE,97
43,0.497035573,8,0,Manhattan,Jones,47,98,FALSE,FALSE,0
21,0.498007968,9,0,Manhattan,Jones,26,99,FALSE,FALSE,0
11,0.4995005,9,0,Manhattan,Queens,16,100,FALSE,FALSE,0
97,0.531914894,0,0,Jones,Manhattan,100,166,FALSE,TRUE,101
32,0.49652433,9,1,Jones,Manhattan,37,105,FALSE,FALSE,0
62,0.492944497,9,1,Queens,Stony,67,105,FALSE,FALSE,0
87,0.505190311,2,1,Queens,Stony,92,144,FALSE,TRUE,106
103,0.524193548,0,0,Queens,Stony,105,159,TRUE,FALSE,0
85,0.50928382,3,1,Stony,Queens,91,137,FALSE,TRUE,108
42,0.495540139,8,0,Manhattan,Jones,46,109,FALSE,FALSE,0
60,0.495742668,5,1,Queens,Manhattan,66,147,FALSE,TRUE,109
40,0.495540139,9,1,Queens,Manhattan,45,111,FALSE,FALSE,0
7,0.5,9,0,Manhattan,Queens,10,112,FALSE,FALSE,0
13,0.4995005,8,1,Manhattan,Queens,18,112,FALSE,FALSE,0
89,0.51607445,3,1,Stony,Queens,94,142,FALSE,TRUE,113
53,0.485521236,8,1,Stony,Queens,61,116,FALSE,FALSE,0
55,0.489463602,8,1,Queens,Stony,63,116,FALSE,FALSE,0
36,0.495540139,9,1,Manhattan,Queens,42,117,FALSE,FALSE,0
58,0.491412214,8,0,Jones,Manhattan,65,118,FALSE,FALSE,0
81,0.50928382,4,1,Stony,Jones,89,153,FALSE,TRUE,118
119,0.508384146,0,0,Queens,Manhattan,117,211,TRUE,FALSE,0
47,0.497035573,9,0,Queens,Manhattan,51,120,FALSE,FALSE,0
73,0.502274795,9,0,Queens,Stony,78,121,FALSE,FALSE,0
125,0.516393443,0,0,Queens,Stony,121,157,TRUE,FALSE,0
26,0.49652433,9,0,Jones,Stony,30,123,FALSE,FALSE,0
46,0.497035573,8,1,Queens,Manhattan,49,123,FALSE,FALSE,0
65,0.492944497,8,0,Jones,Manhattan,69,123,FALSE,FALSE,0
127,0.516393443,0,0,Queens,Manhattan,122,187,TRUE,FALSE,0
4,0.5,9,1,Manhattan,Queens,6,124,FALSE,FALSE,0
63,0.492944497,8,1,Stony,Queens,67,125,FALSE,FALSE,0
67,0.494371482,9,1,Queens,Stony,72,126,FALSE,FALSE,0
132,0.51300578,0,0,Queens,Stony,125,165,TRUE,FALSE,0
45,0.497035573,8,1,Jones,Stony,48,127,FALSE,FALSE,0
59,0.495742668,8,0,Manhattan,Jones,66,136,FALSE,TRUE,127
34,0.495540139,8,0,Manhattan,Queens,40,128,FALSE,FALSE,0
91,0.519327731,9,1,Queens,Stony,96,128,FALSE,FALSE,0
133,0.509691314,0,1,Jones,Manhattan,126,173,FALSE,TRUE,128
70,0.501848429,9,0,Manhattan,Jones,75,130,FALSE,FALSE,0
107,0.523349436,4,1,Jones,Stony,107,161,FALSE,TRUE,130
35,0.495540139,8,0,Jones,Stony,41,131,FALSE,FALSE,0
51,0.497035573,8,0,Manhattan,Jones,54,131,FALSE,FALSE,0
112,0.519337017,3,1,Stony,Jones,111,167,FALSE,TRUE,131
75,0.505347594,9,0,Manhattan,Jones,84,132,FALSE,FALSE,0
68,0.494371482,8,0,Stony,Jones,72,133,FALSE,FALSE,0
76,0.505347594,8,1,Jones,Manhattan,84,133,FALSE,FALSE,0
74,0.501347709,6,1,Queens,Manhattan,82,169,FALSE,TRUE,135
79,0.50928382,7,1,Queens,Manhattan,87,151,FALSE,TRUE,136
128,0.519385516,2,0,Jones,Manhattan,123,170,FALSE,TRUE,136
52,0.486931268,8,1,Queens,Manhattan,58,137,FALSE,FALSE,0
57,0.491412214,9,1,Manhattan,Queens,65,137,FALSE,FALSE,0
99,0.531914894,8,0,Queens,Stony,101,138,FALSE,FALSE,0
106,0.523349436,8,1,Queens,Stony,107,138,FALSE,FALSE,0
24,0.49652433,8,1,Manhattan,Queens,30,141,FALSE,FALSE,0
148,0.508164598,0,1,Stony,Queens,138,171,FALSE,TRUE,141
56,0.491412214,8,0,Jones,Stony,64,157,FALSE,TRUE,143
90,0.51607445,6,0,Queens,Manhattan,95,169,FALSE,TRUE,144
102,0.531914894,9,1,Stony,Queens,104,145,FALSE,FALSE,0
72,0.502274795,9,0,Manhattan,Queens,78,152,FALSE,TRUE,147
93,0.52173913,8,0,Queens,Stony,97,147,FALSE,FALSE,0
61,0.492944497,8,1,Manhattan,Queens,67,149,FALSE,FALSE,0
50,0.497035573,9,1,Jones,Stony,53,151,FALSE,FALSE,0
104,0.524193548,8,1,Jones,Manhattan,105,152,FALSE,FALSE,0
111,0.519337017,9,1,Queens,Stony,111,152,FALSE,FALSE,0
64,0.492944497,8,1,Queens,Manhattan,69,153,FALSE,FALSE,0
66,0.494371482,9,0,Stony,Jones,71,153,FALSE,FALSE,0
95,0.524916944,9,1,Manhattan,Jones,98,153,FALSE,FALSE,0
116,0.518259518,7,1,Jones,Stony,114,167,FALSE,TRUE,153
163,0.501549907,0,0,Manhattan,Jones,152,196,TRUE,FALSE,0
115,0.518259518,4,1,Stony,Jones,113,209,FALSE,TRUE,154
124,0.513128282,6,1,Jones,Stony,120,172,FALSE,TRUE,154
71,0.501848429,8,0,Queens,Manhattan,76,155,FALSE,FALSE,0
110,0.519337017,8,0,Manhattan,Jones,111,155,FALSE,FALSE,0
100,0.531914894,8,1,Jones,Manhattan,101,156,FALSE,FALSE,0
166,0.498803828,0,1,Queens,Manhattan,155,245,FALSE,TRUE,158
109,0.523052464,9,1,Stony,Jones,109,160,FALSE,TRUE,159
169,0.496428571,0,0,Queens,Manhattan,158,226,TRUE,FALSE,0
135,0.50911641,8,1,Queens,Stony,128,160,FALSE,FALSE,0
38,0.495540139,8,1,Manhattan,Queens,43,161,FALSE,FALSE,0
44,0.497035573,8,0,Queens,Manhattan,47,161,FALSE,FALSE,0
94,0.52173913,8,1,Jones,Stony,97,161,FALSE,FALSE,0
108,0.523052464,9,1,Queens,Stony,109,163,FALSE,FALSE,0
151,0.509980683,5,1,Stony,Queens,144,181,FALSE,TRUE,163
118,0.518259518,9,1,Jones,Manhattan,115,164,FALSE,FALSE,0
175,0.485302594,0,0,Queens,Manhattan,163,278,TRUE,FALSE,0
84,0.50928382,7,0,Queens,Manhattan,91,196,FALSE,TRUE,166
86,0.505190311,9,1,Manhattan,Queens,92,166,FALSE,FALSE,0
162,0.506892231,2,1,Manhattan,Jones,151,216,FALSE,TRUE,166
96,0.531914894,8,1,Queens,Manhattan,100,167,FALSE,FALSE,0
54,0.485521236,9,1,Manhattan,Queens,62,168,FALSE,FALSE,0
149,0.505523067,4,1,Stony,Jones,142,203,FALSE,TRUE,168
165,0.496962333,4,0,Stony,Queens,153,189,FALSE,TRUE,168
180,0.479661017,0,0,Queens,Manhattan,167,240,TRUE,FALSE,0
117,0.518259518,9,0,Manhattan,Jones,115,170,FALSE,FALSE,0
123,0.509818731,7,1,Manhattan,Queens,119,186,FALSE,TRUE,170
69,0.498137803,8,0,Manhattan,Queens,73,173,FALSE,FALSE,0
78,0.50928382,8,1,Queens,Manhattan,86,173,FALSE,FALSE,0
120,0.508384146,8,0,Stony,Queens,117,173,FALSE,FALSE,0
171,0.49145551,1,1,Jones,Stony,160,244,FALSE,TRUE,173
183,0.477336318,1,1,Jones,Manhattan,168,210,FALSE,TRUE,173
134,0.509691314,9,0,Stony,Queens,126,174,FALSE,FALSE,0
77,0.50928382,8,1,Manhattan,Queens,86,175,FALSE,FALSE,0
130,0.515988372,6,1,Jones,Stony,124,203,FALSE,TRUE,175
113,0.519470405,9,1,Queens,Manhattan,112,176,FALSE,FALSE,0
101,0.531914894,9,1,Stony,Jones,101,178,FALSE,FALSE,0
145,0.514018692,9,1,Jones,Manhattan,136,180,FALSE,FALSE,0
129,0.515988372,9,1,Queens,Manhattan,124,185,FALSE,FALSE,0
199,0.469809322,0,0,Manhattan,Jones,185,247,TRUE,TRUE,239
192,0.474331551,1,1,Jones,Stony,178,238,FALSE,TRUE,187
122,0.509818731,9,1,Queens,Manhattan,118,190,FALSE,FALSE,0
137,0.515089163,8,0,Jones,Manhattan,131,190,FALSE,FALSE,0
152,0.507042254,9,0,Stony,Queens,145,190,FALSE,FALSE,0
126,0.516393443,8,0,Manhattan,Queens,122,192,FALSE,FALSE,0
200,0.469809322,1,1,Queens,Stony,185,230,FALSE,TRUE,192
83,0.50928382,9,1,Manhattan,Queens,91,195,FALSE,FALSE,0
131,0.51300578,9,0,Manhattan,Jones,125,195,FALSE,FALSE,0
153,0.507042254,8,0,Manhattan,Jones,146,195,FALSE,FALSE,0
197,0.472059606,2,0,Queens,Stony,183,239,FALSE,TRUE,195
92,0.52173913,8,0,Manhattan,Queens,97,196,FALSE,FALSE,0
80,0.50928382,9,1,Manhattan,Queens,89,197,FALSE,FALSE,0
88,0.51607445,8,0,Queens,Manhattan,94,198,FALSE,FALSE,0
143,0.515782404,8,1,Queens,Manhattan,135,198,FALSE,FALSE,0
150,0.509980683,8,0,Jones,Manhattan,144,199,FALSE,FALSE,0
159,0.509766856,8,0,Manhattan,Queens,150,212,FALSE,TRUE,200
210,0.47917712,0,0,Queens,Stony,199,242,FALSE,TRUE,200
82,0.50928382,8,1,Queens,Manhattan,90,201,FALSE,FALSE,0
98,0.531914894,9,0,Manhattan,Queens,101,201,FALSE,FALSE,0
170,0.493783304,9,0,Stony,Queens,159,201,FALSE,FALSE,0
114,0.518259518,9,0,Queens,Manhattan,113,202,FALSE,FALSE,0
182,0.477336318,4,1,Manhattan,Jones,168,243,FALSE,TRUE,202
188,0.482589771,8,0,Stony,Queens,174,207,FALSE,TRUE,202
154,0.512349588,8,1,Queens,Stony,147,203,FALSE,FALSE,0
139,0.518064076,8,0,Jones,Manhattan,132,204,FALSE,FALSE,0
136,0.50911641,8,1,Jones,Stony,129,206,FALSE,FALSE,0
156,0.509766856,7,1,Manhattan,Jones,149,225,FALSE,TRUE,206
191,0.474331551,6,1,Queens,Stony,178,220,FALSE,TRUE,207
105,0.523349436,9,1,Manhattan,Queens,107,211,FALSE,FALSE,0
144,0.514018692,8,0,Manhattan,Jones,136,211,FALSE,FALSE,0
155,0.512349588,9,0,Manhattan,Jones,148,211,FALSE,FALSE,0
141,0.517869184,9,1,Queens,Manhattan,133,212,FALSE,FALSE,0
147,0.508164598,8,1,Jones,Manhattan,138,212,FALSE,FALSE,0
158,0.509766856,9,1,Jones,Stony,149,214,FALSE,FALSE,0
146,0.508250825,8,0,Jones,Stony,137,215,FALSE,FALSE,0
142,0.515782404,8,0,Manhattan,Queens,135,219,FALSE,FALSE,0
168,0.496428571,8,1,Queens,Manhattan,157,221,FALSE,FALSE,0
185,0.48004374,9,1,Jones,Manhattan,173,226,FALSE,TRUE,221
186,0.48004374,9,0,Stony,Queens,173,221,FALSE,FALSE,0
181,0.479661017,8,1,Jones,Manhattan,167,222,FALSE,FALSE,0
138,0.518064076,9,0,Queens,Manhattan,132,224,FALSE,FALSE,0
178,0.48183882,9,1,Queens,Manhattan,166,227,FALSE,FALSE,0
207,0.474012474,8,1,Queens,Stony,194,228,FALSE,FALSE,0
172,0.489250436,6,1,Manhattan,Queens,161,263,FALSE,TRUE,229
173,0.489250436,8,0,Jones,Stony,162,237,FALSE,TRUE,229
205,0.474012474,8,0,Queens,Stony,192,229,FALSE,FALSE,0
208,0.476946721,8,1,Stony,Queens,195,229,FALSE,FALSE,0
235,0.477632174,0,1,Queens,Manhattan,228,309,FALSE,TRUE,230
164,0.496962333,9,1,Jones,Stony,153,232,FALSE,FALSE,0
196,0.472059606,9,0,Manhattan,Jones,182,232,FALSE,FALSE,0
177,0.48183882,9,1,Manhattan,Queens,166,233,FALSE,FALSE,0
227,0.482582443,1,0,Jones,Stony,220,316,FALSE,TRUE,233
121,0.509818731,9,1,Manhattan,Queens,118,235,FALSE,FALSE,0
160,0.509766856,8,1,Jones,Stony,150,235,FALSE,FALSE,0
212,0.48540856,8,0,Queens,Stony,203,235,FALSE,FALSE,0
201,0.469809322,8,0,Stony,Queens,186,236,FALSE,FALSE,0
221,0.480652681,3,0,Manhattan,Jones,216,281,FALSE,TRUE,236
174,0.485302594,8,0,Manhattan,Queens,163,237,FALSE,FALSE,0
189,0.47662547,9,0,Stony,Jones,176,242,FALSE,FALSE,0
161,0.509766856,8,1,Stony,Jones,150,245,FALSE,FALSE,0
176,0.482798165,8,1,Queens,Manhattan,165,245,FALSE,FALSE,0
140,0.517869184,8,1,Manhattan,Queens,133,246,FALSE,FALSE,0
203,0.472062663,5,1,Queens,Manhattan,190,294,FALSE,TRUE,247
242,0.477676636,1,0,Stony,Jones,236,316,FALSE,TRUE,247
167,0.496428571,9,1,Manhattan,Queens,157,248,FALSE,FALSE,0
184,0.477336318,9,1,Queens,Manhattan,169,259,FALSE,TRUE,250
219,0.480733083,9,1,Stony,Queens,212,250,FALSE,FALSE,0
224,0.482582443,4,1,Manhattan,Jones,219,288,FALSE,TRUE,250
202,0.472062663,8,1,Manhattan,Jones,190,263,FALSE,TRUE,251
216,0.482494005,9,0,Manhattan,Jones,209,251,FALSE,FALSE,0
157,0.509766856,9,0,Queens,Manhattan,149,254,FALSE,FALSE,0
179,0.48183882,9,1,Jones,Stony,166,255,FALSE,FALSE,0
204,0.472062663,8,0,Manhattan,Jones,191,256,FALSE,FALSE,0
243,0.479481641,3,1,Jones,Manhattan,237,292,FALSE,TRUE,256
254,0.470247934,0,1,Jones,Manhattan,255,315,FALSE,TRUE,256
214,0.487403101,8,0,Manhattan,Jones,205,257,FALSE,FALSE,0
225,0.482582443,4,1,Queens,Manhattan,219,297,FALSE,TRUE,257
232,0.48132969,9,1,Queens,Stony,225,261,FALSE,TRUE,258
223,0.480652681,9,1,Manhattan,Jones,217,259,FALSE,FALSE,0
193,0.474331551,8,0,Jones,Stony,179,260,FALSE,FALSE,0
220,0.47870847,8,0,Queens,Stony,214,262,FALSE,FALSE,0
209,0.477078086,9,1,Jones,Manhattan,198,264,FALSE,FALSE,0
253,0.472003318,1,0,Manhattan,Queens,254,342,FALSE,TRUE,264
263,0.470848412,0,1,Manhattan,Queens,265,351,FALSE,TRUE,266
267,0.470848412,0,1,Manhattan,Queens,268,335,FALSE,TRUE,269
206,0.474012474,8,0,Jones,Stony,193,270,FALSE,FALSE,0
226,0.482582443,8,0,Stony,Queens,219,271,FALSE,FALSE,0
195,0.472059606,9,0,Queens,Manhattan,181,272,FALSE,FALSE,0
190,0.47662547,9,1,Queens,Manhattan,177,274,FALSE,FALSE,0
194,0.472059606,9,1,Queens,Manhattan,180,274,FALSE,FALSE,0
228,0.479195245,8,1,Manhattan,Jones,222,281,FALSE,TRUE,274
233,0.48132969,8,0,Queens,Stony,226,274,FALSE,FALSE,0
217,0.482494005,9,1,Manhattan,Queens,210,276,FALSE,FALSE,0
237,0.478377173,9,0,Queens,Stony,229,276,FALSE,FALSE,0
213,0.487403101,9,0,Jones,Stony,204,277,FALSE,FALSE,0
241,0.476882431,9,1,Queens,Stony,234,280,FALSE,FALSE,0
215,0.482494005,9,0,Jones,Manhattan,207,281,FALSE,FALSE,0
240,0.478549314,4,1,Queens,Manhattan,232,349,FALSE,TRUE,281
218,0.484604453,8,1,Jones,Manhattan,211,282,FALSE,FALSE,0
236,0.477632174,8,0,Jones,Manhattan,228,282,FALSE,FALSE,0
187,0.482589771,8,1,Manhattan,Queens,174,283,FALSE,FALSE,0
244,0.479481641,9,0,Manhattan,Jones,240,284,FALSE,FALSE,0
283,0.474885845,0,0,Manhattan,Queens,285,376,TRUE,TRUE,307
247,0.481497418,4,1,Manhattan,Queens,244,345,FALSE,TRUE,288
252,0.470024979,5,0,Jones,Stony,253,322,FALSE,TRUE,290
289,0.475161168,0,0,Manhattan,Queens,290,389,TRUE,FALSE,0
290,0.475161168,0,0,Manhattan,Queens,292,404,TRUE,FALSE,0
234,0.479365079,6,1,Queens,Manhattan,227,336,FALSE,TRUE,294
239,0.478377173,8,0,Manhattan,Jones,231,295,FALSE,FALSE,0
198,0.472059606,8,0,Manhattan,Queens,184,298,FALSE,FALSE,0
222,0.480652681,9,1,Queens,Manhattan,216,298,FALSE,FALSE,0
259,0.470635885,9,0,Queens,Stony,261,299,FALSE,FALSE,0
231,0.48132969,8,0,Stony,Jones,224,300,FALSE,FALSE,0
299,0.477400075,0,0,Manhattan,Queens,299,392,TRUE,FALSE,0
230,0.479195245,8,1,Stony,Jones,223,301,FALSE,FALSE,0
265,0.470848412,5,1,Stony,Jones,266,335,FALSE,TRUE,301
300,0.478957169,0,0,Manhattan,Jones,300,354,TRUE,FALSE,0
261,0.470848412,7,1,Queens,Stony,264,317,FALSE,TRUE,302
285,0.474885845,3,1,Jones,Stony,285,338,FALSE,TRUE,303
302,0.474889217,0,0,Manhattan,Queens,303,378,TRUE,TRUE,316
238,0.478377173,9,1,Queens,Manhattan,230,309,FALSE,FALSE,0
250,0.475785896,9,0,Stony,Jones,247,310,FALSE,FALSE,0
262,0.470848412,9,0,Stony,Jones,264,315,FALSE,TRUE,311
211,0.48540856,8,1,Manhattan,Queens,203,312,FALSE,FALSE,0
257,0.470636215,9,1,Stony,Queens,258,314,FALSE,FALSE,0
276,0.474931986,9,0,Queens,Stony,278,314,FALSE,FALSE,0
297,0.475637181,3,1,Manhattan,Jones,298,350,FALSE,TRUE,314
288,0.474164134,5,0,Jones,Manhattan,289,342,FALSE,TRUE,317
293,0.474082482,3,1,Jones,Manhattan,294,353,FALSE,TRUE,317
313,0.475036179,0,0,Manhattan,Jones,316,371,TRUE,FALSE,0
316,0.475468975,0,1,Jones,Stony,317,391,FALSE,TRUE,320
229,0.479195245,8,1,Queens,Manhattan,223,321,FALSE,FALSE,0
321,0.475468975,0,0,Queens,Manhattan,320,422,TRUE,TRUE,333
322,0.474100719,0,0,Queens,Manhattan,321,392,TRUE,FALSE,0
325,0.474100719,0,0,Manhattan,Queens,323,386,TRUE,FALSE,0
286,0.474885845,6,1,Manhattan,Jones,287,348,FALSE,TRUE,325
246,0.479481641,8,0,Jones,Stony,240,327,FALSE,FALSE,0
248,0.478205128,9,1,Queens,Manhattan,245,327,FALSE,FALSE,0
269,0.470848412,9,1,Jones,Manhattan,269,327,FALSE,FALSE,0
327,0.473079684,0,0,Manhattan,Queens,326,419,TRUE,FALSE,0
255,0.472370037,8,1,Manhattan,Queens,257,330,FALSE,FALSE,0
330,0.471550498,0,0,Queens,Manhattan,329,411,TRUE,FALSE,0
280,0.474373796,9,0,Jones,Manhattan,281,331,FALSE,FALSE,0
331,0.470212766,0,0,Manhattan,Queens,330,410,TRUE,TRUE,405
249,0.476575809,8,0,Stony,Jones,246,332,FALSE,FALSE,0
251,0.473973762,9,0,Jones,Stony,249,332,FALSE,FALSE,0
256,0.472370037,9,0,Stony,Jones,257,332,FALSE,FALSE,0
275,0.473088924,9,0,Stony,Jones,276,334,FALSE,FALSE,0
294,0.475669559,6,0,Jones,Manhattan,295,351,FALSE,TRUE,334
258,0.470635885,8,1,Manhattan,Queens,260,335,FALSE,FALSE,0
335,0.479442509,0,0,Queens,Manhattan,334,411,TRUE,FALSE,0
268,0.470848412,8,0,Queens,Manhattan,268,336,FALSE,FALSE,0
284,0.474885845,9,0,Queens,Stony,285,337,FALSE,FALSE,0
309,0.47678245,5,0,Stony,Queens,311,357,FALSE,TRUE,337
319,0.475468975,2,0,Manhattan,Jones,319,394,FALSE,TRUE,337
337,0.47955648,0,0,Queens,Stony,336,385,TRUE,FALSE,0
273,0.472898665,8,1,Manhattan,Jones,275,339,FALSE,FALSE,0
278,0.47327653,5,1,Queens,Manhattan,280,384,FALSE,TRUE,342
264,0.470848412,8,1,Manhattan,Jones,266,343,FALSE,FALSE,0
272,0.472898665,8,1,Jones,Stony,274,343,FALSE,FALSE,0
245,0.479481641,9,0,Queens,Manhattan,240,349,FALSE,TRUE,344
311,0.475391907,9,1,Queens,Stony,312,345,FALSE,FALSE,0
296,0.475669559,9,0,Queens,Stony,297,346,FALSE,FALSE,0
301,0.47664937,9,0,Stony,Queens,301,346,FALSE,FALSE,0
292,0.475161168,9,1,Manhattan,Jones,293,347,FALSE,FALSE,0
282,0.474885845,8,0,Manhattan,Queens,284,348,FALSE,FALSE,0
315,0.475468975,2,1,Queens,Manhattan,317,427,FALSE,TRUE,348
333,0.476707531,1,1,Manhattan,Queens,333,432,FALSE,TRUE,349
291,0.475161168,9,0,Jones,Manhattan,292,350,FALSE,FALSE,0
339,0.482425913,2,0,Jones,Manhattan,337,390,FALSE,TRUE,350
323,0.474100719,8,0,Stony,Queens,321,352,FALSE,FALSE,0
348,0.482321548,0,1,Queens,Manhattan,350,425,FALSE,TRUE,352
260,0.472345579,9,1,Jones,Stony,263,355,FALSE,FALSE,0
298,0.475637181,9,0,Stony,Queens,298,355,FALSE,FALSE,0
277,0.474931986,9,1,Manhattan,Queens,279,356,FALSE,FALSE,0
310,0.475391907,6,1,Manhattan,Jones,312,378,FALSE,TRUE,356
295,0.475669559,9,1,Stony,Jones,295,357,FALSE,FALSE,0
359,0.479986877,0,0,Queens,Stony,360,401,TRUE,FALSE,0
270,0.474230923,8,1,Manhattan,Queens,271,362,FALSE,FALSE,0
304,0.474889217,9,0,Jones,Stony,304,364,FALSE,FALSE,0
307,0.475055026,8,1,Stony,Queens,310,364,FALSE,FALSE,0
334,0.476707531,5,1,Queens,Stony,333,385,FALSE,TRUE,364
352,0.481408358,1,1,Manhattan,Jones,356,411,FALSE,TRUE,364
363,0.478077298,0,0,Queens,Manhattan,364,429,TRUE,FALSE,0
266,0.470848412,8,0,Queens,Manhattan,267,367,FALSE,FALSE,0
306,0.474889217,8,1,Jones,Manhattan,306,368,FALSE,FALSE,0
317,0.475468975,9,0,Queens,Stony,318,369,FALSE,FALSE,0
279,0.474373796,9,1,Queens,Manhattan,281,371,FALSE,FALSE,0
367,0.479703608,0,0,Queens,Manhattan,370,449,TRUE,FALSE,0
368,0.478316736,0,0,Queens,Stony,373,431,TRUE,TRUE,429
326,0.474100719,9,1,Jones,Manhattan,324,376,FALSE,FALSE,0
312,0.475391907,8,0,Jones,Manhattan,313,377,FALSE,FALSE,0
370,0.47693786,0,0,Queens,Manhattan,376,478,TRUE,FALSE,0
329,0.471550498,8,1,Queens,Stony,327,378,FALSE,FALSE,0
336,0.47955648,9,0,Manhattan,Jones,336,382,FALSE,FALSE,0
303,0.474889217,8,0,Jones,Stony,303,384,FALSE,FALSE,0
347,0.480576021,9,1,Queens,Stony,348,384,FALSE,FALSE,0
287,0.474164134,8,1,Stony,Jones,288,385,FALSE,FALSE,0
328,0.471550498,8,1,Manhattan,Queens,327,394,FALSE,TRUE,385
318,0.475468975,8,1,Jones,Stony,318,387,FALSE,FALSE,0
349,0.482321548,8,0,Queens,Stony,351,387,FALSE,FALSE,0
381,0.476220275,0,0,Queens,Stony,387,433,TRUE,TRUE,429
383,0.476220275,0,0,Queens,Stony,388,439,TRUE,FALSE,0
271,0.47611465,8,0,Manhattan,Queens,272,390,FALSE,FALSE,0
374,0.477055449,3,1,Jones,Manhattan,378,423,FALSE,TRUE,392
274,0.473088924,9,0,Queens,Manhattan,276,394,FALSE,FALSE,0
341,0.480274443,9,1,Manhattan,Jones,342,394,FALSE,FALSE,0
324,0.474100719,9,0,Jones,Manhattan,322,395,FALSE,FALSE,0
344,0.477789081,9,1,Manhattan,Jones,345,396,FALSE,FALSE,0
372,0.477055449,3,0,Manhattan,Jones,378,441,FALSE,TRUE,398
281,0.474530831,8,0,Manhattan,Queens,282,400,FALSE,FALSE,0
360,0.479986877,5,1,Manhattan,Jones,361,438,FALSE,TRUE,402
305,0.474889217,9,1,Jones,Stony,305,403,FALSE,FALSE,0
342,0.480274443,8,0,Jones,Manhattan,342,403,FALSE,FALSE,0
343,0.479251701,9,1,Jones,Manhattan,344,408,FALSE,TRUE,404
351,0.483796296,7,1,Queens,Manhattan,355,426,FALSE,TRUE,405
392,0.478367597,1,1,Stony,Queens,402,434,FALSE,TRUE,407
308,0.47678245,9,0,Queens,Manhattan,311,408,FALSE,FALSE,0
365,0.479429867,8,0,Stony,Queens,367,408,FALSE,FALSE,0
355,0.479986877,9,0,Queens,Stony,358,409,FALSE,FALSE,0
353,0.481408358,9,1,Queens,Stony,356,410,FALSE,FALSE,0
391,0.479102643,2,1,Stony,Queens,401,438,FALSE,TRUE,411
314,0.475468975,9,1,Manhattan,Queens,317,415,FALSE,FALSE,0
320,0.475468975,9,1,Manhattan,Queens,320,415,FALSE,FALSE,0
385,0.477081384,2,1,Manhattan,Queens,392,494,FALSE,TRUE,415
405,0.475522388,0,0,Queens,Manhattan,416,515,TRUE,TRUE,461
346,0.480957196,8,0,Jones,Stony,346,418,FALSE,FALSE,0
378,0.477055449,8,0,Stony,Queens,381,418,FALSE,FALSE,0
376,0.477055449,9,1,Queens,Stony,379,420,FALSE,FALSE,0
384,0.476220275,8,0,Stony,Queens,388,420,FALSE,FALSE,0
358,0.479986877,9,0,Manhattan,Queens,360,421,FALSE,FALSE,0
377,0.477055449,8,1,Queens,Stony,381,422,FALSE,FALSE,0
361,0.478730366,9,0,Jones,Stony,362,423,FALSE,FALSE,0
387,0.477081384,8,0,Queens,Stony,393,427,FALSE,FALSE,0
388,0.478664193,6,1,Manhattan,Jones,395,450,FALSE,TRUE,430
345,0.480957196,9,0,Queens,Manhattan,346,431,FALSE,FALSE,0
369,0.478316736,8,0,Manhattan,Jones,375,431,FALSE,FALSE,0
379,0.478551001,8,1,Jones,Manhattan,382,432,FALSE,FALSE,0
340,0.481099656,9,0,Queens,Manhattan,339,434,FALSE,FALSE,0
423,0.481438515,0,0,Queens,Manhattan,433,518,TRUE,FALSE,0
338,0.482425913,9,1,Queens,Manhattan,337,436,FALSE,FALSE,0
364,0.479429867,9,1,Manhattan,Jones,367,437,FALSE,FALSE,0
404,0.475522388,3,1,Manhattan,Queens,416,491,FALSE,TRUE,439
362,0.478077298,9,0,Manhattan,Queens,364,442,FALSE,FALSE,0
332,0.470212766,9,1,Queens,Manhattan,330,443,FALSE,FALSE,0
371,0.47827476,9,0,Jones,Manhattan,377,443,FALSE,FALSE,0
390,0.479102643,8,0,Stony,Queens,400,443,FALSE,FALSE,0
356,0.479986877,8,1,Manhattan,Queens,359,444,FALSE,FALSE,0
382,0.476220275,9,0,Jones,Stony,387,444,FALSE,FALSE,0
418,0.480831138,4,0,Stony,Queens,429,460,FALSE,TRUE,444
357,0.479986877,9,0,Queens,Manhattan,359,445,FALSE,FALSE,0
401,0.478378378,6,1,Jones,Stony,411,466,FALSE,TRUE,445
354,0.479986877,8,1,Jones,Stony,357,447,FALSE,FALSE,0
375,0.477055449,9,1,Manhattan,Queens,379,447,FALSE,FALSE,0
417,0.480831138,1,1,Queens,Manhattan,429,523,FALSE,TRUE,447
389,0.477818854,8,0,Stony,Queens,398,449,FALSE,FALSE,0
412,0.47961279,3,1,Manhattan,Queens,423,501,FALSE,TRUE,452
396,0.47600243,4,1,Queens,Manhattan,405,512,FALSE,TRUE,454
373,0.477055449,8,1,Queens,Manhattan,378,455,FALSE,FALSE,0
413,0.47961279,9,0,Queens,Stony,424,455,FALSE,FALSE,0
386,0.477081384,8,0,Stony,Jones,392,458,FALSE,FALSE,0
350,0.483699268,9,1,Queens,Manhattan,354,461,FALSE,FALSE,0
407,0.477978126,5,0,Manhattan,Jones,420,492,FALSE,TRUE,462
408,0.479363208,7,0,Queens,Stony,421,479,FALSE,TRUE,462
456,0.48294982,0,0,Stony,Queens,460,508,FALSE,TRUE,462
460,0.483461963,0,0,Manhattan,Jones,462,515,TRUE,FALSE,0
451,0.4818005,1,1,Jones,Manhattan,455,508,FALSE,TRUE,464
444,0.482517483,2,1,Stony,Queens,450,508,FALSE,TRUE,465
426,0.481534911,9,1,Queens,Stony,436,468,FALSE,FALSE,0
469,0.481868132,0,0,Queens,Manhattan,468,539,TRUE,TRUE,493
399,0.479963845,8,0,Manhattan,Queens,409,471,FALSE,FALSE,0
446,0.482517483,4,1,Jones,Manhattan,451,499,FALSE,TRUE,471
472,0.481868132,0,0,Queens,Stony,470,528,TRUE,FALSE,0
366,0.479703608,8,0,Manhattan,Queens,370,472,FALSE,FALSE,0
397,0.47600243,9,0,Queens,Manhattan,406,473,FALSE,FALSE,0
398,0.47585788,8,0,Manhattan,Jones,407,475,FALSE,FALSE,0
410,0.478235294,9,1,Manhattan,Jones,422,476,FALSE,FALSE,0
440,0.481356883,7,1,Queens,Stony,447,486,FALSE,TRUE,477
442,0.482517483,8,1,Queens,Stony,449,484,FALSE,TRUE,477
393,0.478327228,8,1,Manhattan,Jones,403,478,FALSE,FALSE,0
467,0.483062517,0,1,Manhattan,Queens,467,581,FALSE,TRUE,478
484,0.481801025,0,0,Manhattan,Jones,478,534,TRUE,FALSE,0
403,0.478378378,8,0,Queens,Manhattan,412,481,FALSE,FALSE,0
433,0.481215945,8,1,Manhattan,Jones,442,486,FALSE,TRUE,481
427,0.481534911,9,1,Stony,Queens,436,483,FALSE,FALSE,0
475,0.483606557,1,1,Queens,Manhattan,472,548,FALSE,TRUE,483
394,0.478327228,9,1,Jones,Stony,403,484,FALSE,FALSE,0
470,0.481868132,3,1,Jones,Manhattan,468,517,FALSE,TRUE,484
420,0.481438515,9,0,Queens,Stony,432,487,FALSE,FALSE,0
419,0.48255814,9,1,Queens,Stony,431,488,FALSE,FALSE,0
465,0.483062517,4,1,Manhattan,Jones,465,518,FALSE,TRUE,488
438,0.483798253,8,0,Manhattan,Jones,446,489,FALSE,FALSE,0
493,0.478641549,0,0,Queens,Manhattan,488,569,TRUE,FALSE,0
430,0.479873491,5,0,Manhattan,Queens,439,528,FALSE,TRUE,490
436,0.482493595,9,0,Stony,Queens,443,490,FALSE,FALSE,0
439,0.483798253,9,0,Queens,Stony,446,490,FALSE,FALSE,0
494,0.47974583,0,0,Queens,Manhattan,489,582,TRUE,FALSE,0
441,0.481356883,9,1,Queens,Stony,448,491,FALSE,FALSE,0
400,0.479963845,9,1,Queens,Manhattan,409,492,FALSE,FALSE,0
431,0.479873491,9,0,Jones,Manhattan,439,492,FALSE,FALSE,0
458,0.481747788,8,1,Queens,Stony,461,492,FALSE,FALSE,0
414,0.47961279,9,0,Jones,Stony,424,493,FALSE,FALSE,0
461,0.483461963,9,0,Queens,Stony,462,493,FALSE,FALSE,0
395,0.47600243,8,1,Manhattan,Queens,405,494,FALSE,FALSE,0
424,0.482788545,9,1,Manhattan,Jones,434,494,FALSE,FALSE,0
402,0.478378378,8,1,Manhattan,Queens,412,495,FALSE,FALSE,0
415,0.47961279,8,1,Jones,Stony,425,495,FALSE,FALSE,0
380,0.476100629,8,1,Manhattan,Queens,386,496,FALSE,FALSE,0
406,0.478015449,8,0,Jones,Manhattan,419,497,FALSE,FALSE,0
425,0.481534911,9,0,Manhattan,Queens,436,497,FALSE,FALSE,0
452,0.4818005,9,1,Manhattan,Jones,456,497,FALSE,FALSE,0
455,0.48294982,6,1,Jones,Manhattan,460,514,FALSE,TRUE,497
411,0.478235294,9,1,Jones,Stony,422,498,FALSE,FALSE,0
409,0.479363208,9,0,Stony,Jones,421,499,FALSE,FALSE,0
429,0.48028777,8,1,Jones,Stony,438,508,FALSE,TRUE,499
434,0.482493595,6,1,Manhattan,Queens,443,528,FALSE,TRUE,500
466,0.483062517,9,0,Stony,Queens,466,500,FALSE,FALSE,0
471,0.481868132,8,0,Stony,Queens,469,501,FALSE,FALSE,0
449,0.482112912,8,1,Jones,Stony,453,504,FALSE,FALSE,0
495,0.483259798,2,1,Manhattan,Jones,493,548,FALSE,TRUE,504
457,0.481747788,9,1,Manhattan,Jones,461,507,FALSE,TRUE,505
421,0.481438515,8,1,Stony,Jones,432,506,FALSE,FALSE,0
422,0.481438515,8,1,Manhattan,Queens,433,512,FALSE,FALSE,0
463,0.483328741,9,0,Queens,Stony,464,512,FALSE,FALSE,0
488,0.479049907,4,1,Manhattan,Jones,484,547,FALSE,TRUE,512
462,0.483461963,9,0,Jones,Manhattan,462,516,FALSE,TRUE,513
497,0.478604177,2,0,Stony,Jones,497,573,FALSE,TRUE,513
513,0.475764355,0,0,Manhattan,Jones,512,586,TRUE,FALSE,0
459,0.481747788,9,1,Jones,Stony,461,514,FALSE,FALSE,0
453,0.4818005,9,1,Jones,Manhattan,457,515,FALSE,FALSE,0
464,0.483328741,8,1,Jones,Manhattan,464,515,FALSE,FALSE,0
435,0.482493595,9,0,Queens,Manhattan,443,516,FALSE,FALSE,0
448,0.482112912,8,0,Manhattan,Queens,453,516,FALSE,FALSE,0
476,0.484873262,9,1,Stony,Queens,474,516,FALSE,FALSE,0
516,0.477193852,0,1,Jones,Manhattan,513,564,FALSE,TRUE,517
480,0.485994017,5,0,Stony,Jones,475,563,FALSE,TRUE,519
477,0.485994017,8,0,Manhattan,Jones,475,520,FALSE,FALSE,0
490,0.479049907,3,1,Manhattan,Queens,486,589,FALSE,TRUE,522
445,0.482517483,8,1,Queens,Manhattan,451,526,FALSE,FALSE,0
481,0.484807379,8,1,Queens,Stony,476,526,FALSE,FALSE,0
527,0.476596782,0,1,Manhattan,Jones,524,581,FALSE,TRUE,529
468,0.483062517,8,0,Stony,Jones,467,530,FALSE,FALSE,0
492,0.48029819,9,0,Stony,Queens,487,530,FALSE,FALSE,0
450,0.481574539,8,1,Manhattan,Jones,454,531,FALSE,FALSE,0
503,0.47804266,2,1,Queens,Manhattan,504,608,FALSE,TRUE,531
416,0.47961279,9,0,Manhattan,Queens,426,532,FALSE,FALSE,0
486,0.481801025,9,0,Stony,Queens,480,532,FALSE,FALSE,0
496,0.481136951,9,0,Queens,Stony,494,532,FALSE,FALSE,0
521,0.475922757,1,1,Manhattan,Queens,519,600,FALSE,TRUE,532
535,0.47575392,0,0,Manhattan,Queens,531,610,TRUE,FALSE,0
505,0.476965448,3,1,Queens,Manhattan,505,576,FALSE,TRUE,533
479,0.485994017,8,1,Jones,Manhattan,475,535,FALSE,FALSE,0
482,0.482842475,8,1,Manhattan,Jones,477,542,FALSE,TRUE,535
428,0.48028777,9,1,Manhattan,Queens,438,536,FALSE,FALSE,0
432,0.479873491,9,1,Stony,Jones,440,538,FALSE,FALSE,0
474,0.482475356,9,1,Jones,Manhattan,471,543,FALSE,TRUE,542
437,0.483305037,8,0,Manhattan,Queens,444,543,FALSE,FALSE,0
485,0.481801025,9,1,Jones,Manhattan,478,544,FALSE,FALSE,0
507,0.476011994,5,1,Jones,Stony,506,579,FALSE,TRUE,544
501,0.479245283,6,0,Jones,Stony,502,573,FALSE,TRUE,545
512,0.476011994,3,1,Queens,Manhattan,511,599,FALSE,TRUE,545
547,0.473237444,0,0,Manhattan,Jones,544,607,TRUE,FALSE,0
447,0.482112912,9,0,Jones,Stony,452,546,FALSE,FALSE,0
454,0.48294982,8,0,Queens,Manhattan,459,546,FALSE,FALSE,0
514,0.475764355,8,0,Stony,Queens,512,546,FALSE,FALSE,0
548,0.473647059,0,0,Manhattan,Queens,545,633,TRUE,FALSE,0
519,0.475281449,4,0,Manhattan,Queens,517,598,FALSE,TRUE,550
498,0.47750953,9,0,Jones,Manhattan,498,551,FALSE,FALSE,0
518,0.475281449,9,0,Stony,Queens,516,551,FALSE,FALSE,0
473,0.482475356,8,1,Queens,Manhattan,471,553,FALSE,FALSE,0
483,0.482842475,8,0,Stony,Jones,477,553,FALSE,FALSE,0
523,0.476945596,6,1,Manhattan,Jones,520,576,FALSE,TRUE,555
530,0.474745022,9,0,Queens,Stony,527,558,FALSE,FALSE,0
504,0.47804266,9,0,Stony,Jones,504,559,FALSE,FALSE,0
517,0.475281449,9,0,Queens,Stony,516,559,FALSE,FALSE,0
443,0.482517483,9,0,Manhattan,Queens,450,562,FALSE,FALSE,0
478,0.485994017,8,1,Queens,Manhattan,475,585,FALSE,TRUE,564
565,0.483122847,0,0,Manhattan,Queens,563,636,TRUE,FALSE,0
487,0.480589023,9,1,Jones,Stony,483,567,FALSE,FALSE,0
520,0.475281449,8,0,Queens,Stony,518,568,FALSE,FALSE,0
500,0.479245283,8,0,Manhattan,Queens,502,571,FALSE,FALSE,0
502,0.47804266,8,1,Manhattan,Jones,504,571,FALSE,FALSE,0
511,0.476011994,8,0,Manhattan,Jones,511,571,FALSE,FALSE,0
525,0.476596782,9,0,Stony,Queens,522,571,FALSE,FALSE,0
531,0.474745022,9,0,Jones,Manhattan,529,571,FALSE,FALSE,0
569,0.482191781,0,0,Manhattan,Jones,570,615,TRUE,FALSE,0
538,0.478687739,8,0,Stony,Queens,534,574,FALSE,FALSE,0
526,0.476596782,8,0,Jones,Stony,523,576,FALSE,FALSE,0
499,0.47819511,9,1,Jones,Manhattan,500,577,FALSE,FALSE,0
508,0.476011994,8,1,Manhattan,Queens,508,578,FALSE,FALSE,0
515,0.477193852,9,0,Manhattan,Jones,513,578,FALSE,FALSE,0
582,0.486335125,0,0,Manhattan,Jones,578,632,TRUE,FALSE,0
583,0.486335125,0,0,Manhattan,Queens,579,641,TRUE,FALSE,0
534,0.476904474,8,0,Queens,Stony,530,583,FALSE,FALSE,0
545,0.474821853,9,1,Queens,Stony,541,584,FALSE,FALSE,0
584,0.487254025,0,0,Manhattan,Queens,583,667,TRUE,FALSE,0
543,0.474821853,8,0,Jones,Manhattan,540,585,FALSE,FALSE,0
489,0.479049907,8,0,Queens,Manhattan,484,586,FALSE,FALSE,0
587,0.487190911,0,0,Queens,Stony,585,625,TRUE,FALSE,0
491,0.479049907,9,0,Queens,Manhattan,486,588,FALSE,FALSE,0
591,0.48810318,0,0,Queens,Stony,587,623,TRUE,FALSE,0
593,0.48912561,0,0,Queens,Stony,588,619,TRUE,FALSE,0
559,0.47881454,8,1,Queens,Stony,557,591,FALSE,FALSE,0
557,0.47881454,9,0,Stony,Queens,555,592,FALSE,FALSE,0
596,0.488258751,0,0,Queens,Stony,591,630,TRUE,FALSE,0
600,0.489277029,0,0,Queens,Manhattan,593,661,TRUE,FALSE,0
524,0.476945596,8,0,Stony,Jones,520,595,FALSE,FALSE,0
551,0.476725146,8,1,Stony,Queens,549,596,FALSE,FALSE,0
506,0.476011994,9,0,Manhattan,Queens,506,597,FALSE,FALSE,0
540,0.476860687,8,0,Queens,Manhattan,535,597,FALSE,FALSE,0
603,0.489314827,0,0,Queens,Stony,596,647,TRUE,FALSE,0
542,0.474821853,8,1,Manhattan,Jones,538,598,FALSE,FALSE,0
529,0.474745022,9,1,Manhattan,Jones,526,600,FALSE,FALSE,0
549,0.476725146,8,0,Jones,Manhattan,546,600,FALSE,FALSE,0
564,0.483122847,8,0,Queens,Stony,562,600,FALSE,FALSE,0
555,0.47948064,8,0,Queens,Stony,553,602,FALSE,FALSE,0
533,0.476904474,9,1,Manhattan,Jones,530,603,FALSE,FALSE,0
536,0.479031872,8,1,Jones,Stony,532,603,FALSE,FALSE,0
609,0.492060039,0,0,Queens,Manhattan,602,684,TRUE,FALSE,0
522,0.475922757,9,1,Jones,Stony,519,605,FALSE,FALSE,0
546,0.474804826,8,0,Jones,Manhattan,543,606,FALSE,FALSE,0
509,0.476011994,8,0,Queens,Manhattan,509,607,FALSE,FALSE,0
528,0.476596782,9,0,Jones,Stony,524,607,FALSE,FALSE,0
539,0.476860687,9,1,Manhattan,Queens,535,608,FALSE,FALSE,0
554,0.479404236,9,0,Jones,Manhattan,551,608,FALSE,FALSE,0
510,0.476011994,8,0,Queens,Manhattan,510,609,FALSE,FALSE,0
606,0.490359334,1,0,Queens,Manhattan,599,695,FALSE,TRUE,609
573,0.485300769,8,0,Queens,Stony,573,613,FALSE,FALSE,0
598,0.489277029,4,0,Queens,Stony,592,639,FALSE,TRUE,613
532,0.474745022,9,0,Stony,Jones,529,614,FALSE,FALSE,0
579,0.487156377,9,0,Queens,Stony,576,616,FALSE,FALSE,0
553,0.479404236,7,1,Queens,Manhattan,551,645,FALSE,TRUE,617
617,0.493048128,0,1,Manhattan,Jones,611,680,FALSE,TRUE,617
552,0.479404236,9,0,Manhattan,Jones,551,618,FALSE,FALSE,0
541,0.476860687,9,1,Jones,Stony,535,619,FALSE,FALSE,0
567,0.482191781,8,0,Stony,Queens,568,619,FALSE,FALSE,0
566,0.482236993,8,0,Stony,Jones,566,621,FALSE,FALSE,0
558,0.47881454,9,0,Jones,Stony,556,624,FALSE,FALSE,0
572,0.485300769,7,1,Manhattan,Jones,573,643,FALSE,TRUE,624
577,0.486230248,9,0,Stony,Queens,574,624,FALSE,FALSE,0
580,0.486170452,8,0,Manhattan,Jones,577,624,FALSE,FALSE,0
619,0.494346064,1,1,Jones,Stony,613,700,FALSE,TRUE,624
560,0.479898336,8,0,Manhattan,Queens,558,625,FALSE,FALSE,0
629,0.49916318,0,1,Manhattan,Jones,624,675,FALSE,TRUE,626
570,0.482191781,8,1,Stony,Jones,570,627,FALSE,FALSE,0
581,0.486170452,5,1,Stony,Jones,577,672,FALSE,TRUE,627
604,0.489314827,3,1,Jones,Stony,596,686,FALSE,TRUE,627
576,0.486230248,8,0,Jones,Stony,574,630,FALSE,FALSE,0
599,0.489277029,6,0,Jones,Stony,592,654,FALSE,TRUE,630
575,0.486230248,8,0,Queens,Stony,574,631,FALSE,FALSE,0
586,0.487190911,9,1,Manhattan,Jones,585,639,FALSE,TRUE,634
537,0.478687739,8,0,Queens,Manhattan,533,635,FALSE,FALSE,0
561,0.482052462,9,1,Stony,Jones,559,635,FALSE,FALSE,0
550,0.476725146,8,0,Queens,Manhattan,547,636,FALSE,FALSE,0
597,0.488258751,9,0,Stony,Queens,591,637,FALSE,FALSE,0
562,0.482052462,6,1,Manhattan,Queens,561,676,FALSE,TRUE,638
571,0.485300769,8,1,Stony,Jones,572,651,FALSE,TRUE,641
602,0.489314827,9,1,Manhattan,Jones,596,644,FALSE,FALSE,0
640,0.499689762,1,1,Jones,Stony,634,692,FALSE,TRUE,645
556,0.47948064,8,1,Stony,Jones,553,646,FALSE,FALSE,0
578,0.486230248,9,1,Jones,Stony,575,647,FALSE,TRUE,646
607,0.491174548,9,1,Queens,Stony,601,646,FALSE,FALSE,0
589,0.48810318,6,1,Queens,Manhattan,586,683,FALSE,TRUE,647
592,0.48810318,8,1,Jones,Stony,587,647,FALSE,FALSE,0
608,0.492060039,9,0,Manhattan,Jones,602,647,FALSE,FALSE,0
612,0.490174908,8,1,Queens,Stony,606,647,FALSE,FALSE,0
568,0.482191781,9,1,Stony,Jones,569,650,FALSE,FALSE,0
594,0.48912561,8,1,Queens,Manhattan,589,650,FALSE,FALSE,0
616,0.493048128,8,0,Jones,Manhattan,610,658,FALSE,TRUE,650
627,0.497260851,5,1,Queens,Stony,623,670,FALSE,TRUE,650
657,0.494949495,0,0,Queens,Manhattan,649,730,TRUE,FALSE,0
544,0.474821853,8,1,Manhattan,Queens,541,653,FALSE,FALSE,0
588,0.487190911,9,1,Jones,Manhattan,585,653,FALSE,FALSE,0
615,0.493048128,9,1,Manhattan,Jones,610,654,FALSE,FALSE,0
622,0.496504978,9,0,Stony,Queens,618,654,FALSE,FALSE,0
624,0.497260851,8,0,Queens,Stony,621,655,FALSE,FALSE,0
590,0.48810318,8,0,Manhattan,Jones,587,657,FALSE,FALSE,0
605,0.491220369,8,1,Jones,Manhattan,597,657,FALSE,FALSE,0
659,0.493574297,0,1,Manhattan,Queens,651,748,FALSE,TRUE,657
601,0.490178768,9,0,Jones,Stony,595,659,FALSE,FALSE,0
610,0.489292667,9,1,Stony,Queens,605,660,FALSE,FALSE,0
620,0.495315162,9,1,Queens,Stony,614,661,FALSE,FALSE,0
563,0.482052462,9,0,Queens,Manhattan,561,662,FALSE,FALSE,0
585,0.487254025,8,0,Queens,Manhattan,583,664,FALSE,FALSE,0
614,0.493048128,9,1,Queens,Stony,609,665,FALSE,FALSE,0
643,0.500717949,9,0,Stony,Queens,638,670,FALSE,FALSE,0
676,0.4927337,0,0,Stony,Jones,669,724,FALSE,TRUE,672
623,0.496411988,7,1,Stony,Jones,619,694,FALSE,TRUE,674
637,0.500621633,8,0,Queens,Stony,632,676,FALSE,FALSE,0
681,0.493745113,0,0,Queens,Manhattan,676,788,TRUE,FALSE,0
639,0.500621633,9,1,Queens,Stony,633,678,FALSE,FALSE,0
632,0.498334721,9,1,Stony,Jones,627,681,FALSE,FALSE,0
574,0.486230248,9,1,Manhattan,Queens,574,683,FALSE,FALSE,0
611,0.490174908,8,1,Manhattan,Jones,606,683,FALSE,FALSE,0
626,0.497260851,8,0,Manhattan,Queens,623,684,FALSE,FALSE,0
645,0.500717949,9,1,Manhattan,Jones,640,684,FALSE,FALSE,0
664,0.492756499,6,1,Queens,Stony,658,697,FALSE,TRUE,684
618,0.493048128,8,1,Manhattan,Queens,612,698,FALSE,TRUE,687
595,0.48912561,8,1,Manhattan,Queens,590,689,FALSE,FALSE,0
613,0.492070296,8,0,Manhattan,Queens,608,691,FALSE,FALSE,0
665,0.492782282,7,1,Manhattan,Jones,660,706,FALSE,TRUE,693
668,0.492807882,2,1,Queens,Manhattan,662,774,FALSE,TRUE,693
661,0.491924227,8,1,Stony,Queens,654,694,FALSE,FALSE,0
634,0.498334721,6,1,Queens,Manhattan,628,727,FALSE,TRUE,697
651,0.498977923,9,0,Stony,Queens,644,697,FALSE,FALSE,0
671,0.493606138,8,0,Stony,Queens,664,697,FALSE,FALSE,0
648,0.499897604,9,0,Stony,Queens,641,698,FALSE,FALSE,0
660,0.493574297,8,0,Manhattan,Jones,652,698,FALSE,FALSE,0
644,0.500717949,9,0,Manhattan,Jones,639,700,FALSE,FALSE,0
638,0.500621633,8,1,Manhattan,Queens,633,701,FALSE,FALSE,0
647,0.499897604,8,0,Jones,Stony,641,702,FALSE,FALSE,0
625,0.497260851,8,1,Stony,Jones,622,703,FALSE,FALSE,0
631,0.49916318,8,0,Stony,Jones,624,703,FALSE,FALSE,0
646,0.499897604,8,1,Manhattan,Jones,641,704,FALSE,FALSE,0
662,0.492733426,5,1,Manhattan,Queens,655,753,FALSE,TRUE,704
670,0.493606138,9,1,Queens,Stony,664,710,FALSE,TRUE,709
682,0.493745113,2,1,Manhattan,Queens,677,791,FALSE,TRUE,709
653,0.498875945,9,1,Jones,Stony,645,715,FALSE,TRUE,711
663,0.492733426,8,1,Jones,Manhattan,656,711,FALSE,FALSE,0
684,0.492878049,2,1,Manhattan,Queens,680,786,FALSE,TRUE,711
649,0.498977923,8,1,Manhattan,Jones,644,712,FALSE,FALSE,0
708,0.487169882,0,0,Manhattan,Queens,711,772,TRUE,FALSE,0
641,0.501334976,8,0,Jones,Manhattan,637,713,FALSE,FALSE,0
658,0.493574297,8,0,Manhattan,Jones,650,715,FALSE,FALSE,0
628,0.497260851,9,1,Jones,Stony,623,716,FALSE,FALSE,0
675,0.4927337,6,1,Manhattan,Queens,669,740,FALSE,TRUE,717
652,0.498875945,8,0,Queens,Manhattan,645,718,FALSE,FALSE,0
685,0.492878049,9,1,Stony,Queens,680,718,FALSE,FALSE,0
704,0.489922773,2,0,Manhattan,Jones,707,771,FALSE,TRUE,721
650,0.498977923,8,0,Jones,Stony,644,722,FALSE,FALSE,0
683,0.492878049,8,1,Queens,Stony,679,729,FALSE,TRUE,723
699,0.488545246,2,0,Manhattan,Queens,697,792,FALSE,TRUE,723
669,0.493606138,8,1,Manhattan,Jones,664,725,FALSE,FALSE,0
673,0.4927337,8,0,Jones,Stony,666,725,FALSE,FALSE,0
686,0.492014024,8,1,Queens,Stony,681,725,FALSE,FALSE,0
636,0.499792445,9,0,Stony,Jones,630,726,FALSE,FALSE,0
621,0.496280553,8,1,Manhattan,Queens,616,728,FALSE,FALSE,0
688,0.489756475,3,1,Manhattan,Queens,685,795,FALSE,TRUE,728
674,0.4927337,9,0,Manhattan,Queens,668,731,FALSE,FALSE,0
694,0.488188976,9,0,Stony,Queens,693,731,FALSE,FALSE,0
633,0.498334721,9,0,Manhattan,Queens,628,732,FALSE,FALSE,0
654,0.496239073,8,1,Manhattan,Queens,646,732,FALSE,FALSE,0
689,0.489756475,6,1,Queens,Manhattan,685,762,FALSE,TRUE,735
715,0.486561631,2,0,Stony,Jones,718,802,FALSE,TRUE,735
635,0.499792445,9,1,Manhattan,Queens,630,736,FALSE,FALSE,0
630,0.49916318,8,1,Queens,Manhattan,624,737,FALSE,FALSE,0
672,0.4927337,8,1,Queens,Manhattan,665,738,FALSE,FALSE,0
677,0.4936287,9,0,Jones,Stony,671,738,FALSE,FALSE,0
642,0.500717949,9,0,Queens,Manhattan,638,742,FALSE,FALSE,0
707,0.488909774,8,0,Queens,Stony,710,754,FALSE,TRUE,746
678,0.4936287,9,1,Jones,Stony,672,748,FALSE,FALSE,0
687,0.492014024,8,0,Manhattan,Queens,682,761,FALSE,TRUE,748
690,0.489756475,8,0,Manhattan,Jones,686,748,FALSE,FALSE,0
701,0.489922773,8,1,Manhattan,Jones,704,748,FALSE,FALSE,0
714,0.486612123,4,1,Queens,Manhattan,717,797,FALSE,TRUE,749
706,0.488909774,9,1,Jones,Manhattan,709,751,FALSE,FALSE,0
709,0.487169882,9,1,Queens,Stony,711,752,FALSE,FALSE,0
713,0.486612123,3,1,Manhattan,Queens,717,825,FALSE,TRUE,752
698,0.487440077,9,0,Jones,Stony,696,757,FALSE,FALSE,0
680,0.492952232,9,1,Stony,Jones,675,764,FALSE,TRUE,758
691,0.488246628,9,0,Queens,Manhattan,689,758,FALSE,FALSE,0
693,0.488188976,8,1,Manhattan,Jones,693,758,FALSE,FALSE,0
655,0.494949495,9,0,Manhattan,Queens,647,759,FALSE,FALSE,0
656,0.494949495,9,1,Manhattan,Queens,649,759,FALSE,FALSE,0
692,0.489034244,9,0,Manhattan,Jones,692,763,FALSE,FALSE,0
702,0.489922773,9,1,Manhattan,Jones,705,764,FALSE,FALSE,0
697,0.487440077,9,0,Jones,Stony,695,765,FALSE,FALSE,0
666,0.49190683,9,1,Manhattan,Queens,661,766,FALSE,FALSE,0
700,0.49019981,6,1,Queens,Manhattan,699,796,FALSE,TRUE,766
679,0.492952232,9,0,Queens,Manhattan,674,768,FALSE,FALSE,0
667,0.49190683,9,0,Queens,Manhattan,661,770,FALSE,FALSE,0
695,0.487440077,9,0,Queens,Manhattan,694,779,FALSE,FALSE,0
696,0.487440077,8,1,Jones,Stony,694,784,FALSE,FALSE,0
703,0.489922773,8,1,Queens,Manhattan,706,788,FALSE,FALSE,0
711,0.487155622,8,1,Manhattan,Jones,716,791,FALSE,FALSE,0
712,0.487155622,8,1,Queens,Manhattan,716,793,FALSE,FALSE,0
716,0.486561631,9,1,Jones,Stony,719,794,FALSE,FALSE,0
705,0.489922773,8,1,Manhattan,Queens,708,810,FALSE,FALSE,0
710,0.486440995,9,1,Manhattan,Queens,712,817,FALSE,FALSE,0
